test4devop+andrei@gmail.com,7
test4devop+raides@gmail.com,9
test4devop+carroll@gmail.com,6
test4devop+animats@gmail.com,10
test4devop+hutton@gmail.com,1
test4devop+pkilab@gmail.com,7
test4devop+falcao@gmail.com,7
test4devop+firstpr@gmail.com,1
test4devop+andale@gmail.com,3
test4devop+dexter@gmail.com,4
test4devop+webinc@gmail.com,1
test4devop+mrdvt@gmail.com,5
test4devop+matsn@gmail.com,10
test4devop+joehall@gmail.com,9
test4devop+tbusch@gmail.com,5
test4devop+pgottsch@gmail.com,10
test4devop+leslie@gmail.com,4
test4devop+philen@gmail.com,10
test4devop+thurston@gmail.com,2
test4devop+rnelson@gmail.com,6
test4devop+tkrotchko@gmail.com,7
test4devop+gerlo@gmail.com,3
test4devop+sagal@gmail.com,6
test4devop+jguyer@gmail.com,3
test4devop+gknauss@gmail.com,8
test4devop+hauma@gmail.com,9
test4devop+syrinx@gmail.com,5
test4devop+kiddailey@gmail.com,4
test4devop+jdray@gmail.com,2
test4devop+tristan@gmail.com,8
test4devop+gregh@gmail.com,6
test4devop+esokullu@gmail.com,5
test4devop+paley@gmail.com,2
test4devop+muadip@gmail.com,7
test4devop+sethbrown@gmail.com,4
test4devop+chrwin@gmail.com,9
test4devop+vsprintf@gmail.com,9
test4devop+amichalo@gmail.com,7
test4devop+wagnerch@gmail.com,7
test4devop+pgottsch@gmail.com,10
test4devop+jshirley@gmail.com,3
test4devop+devphil@gmail.com,4
test4devop+hikoza@gmail.com,8
test4devop+kmiller@gmail.com,1
test4devop+calin@gmail.com,2
test4devop+tkrotchko@gmail.com,10
test4devop+krueger@gmail.com,1
test4devop+dawnsong@gmail.com,7
test4devop+crusader@gmail.com,8
test4devop+report@gmail.com,3
test4devop+jaffe@gmail.com,2
test4devop+teverett@gmail.com,10
test4devop+hamilton@gmail.com,8
test4devop+avalon@gmail.com,5
test4devop+greear@gmail.com,2
test4devop+treeves@gmail.com,1
test4devop+caidaperl@gmail.com,10
test4devop+wainwrig@gmail.com,10
test4devop+paley@gmail.com,2
test4devop+mcsporran@gmail.com,5
test4devop+presoff@gmail.com,4
test4devop+linuxhack@gmail.com,1
test4devop+wojciech@gmail.com,7
test4devop+rsmartin@gmail.com,8
test4devop+adillon@gmail.com,8
test4devop+dhrakar@gmail.com,10
test4devop+dawnsong@gmail.com,2
test4devop+ilyaz@gmail.com,8
test4devop+aracne@gmail.com,7
test4devop+airship@gmail.com,10
test4devop+nullchar@gmail.com,6
test4devop+xtang@gmail.com,7
test4devop+webteam@gmail.com,10
test4devop+world@gmail.com,9
test4devop+jipsen@gmail.com,3
test4devop+gamma@gmail.com,9
test4devop+arebenti@gmail.com,9
test4devop+rfisher@gmail.com,7
test4devop+bonmots@gmail.com,5
test4devop+pgottsch@gmail.com,8
test4devop+brainless@gmail.com,7
test4devop+isotopian@gmail.com,2
test4devop+simone@gmail.com,2
test4devop+goresky@gmail.com,9
test4devop+aschmitz@gmail.com,5
test4devop+subir@gmail.com,7
test4devop+stewwy@gmail.com,3
test4devop+singh@gmail.com,7
test4devop+vlefevre@gmail.com,10
test4devop+darin@gmail.com,2
test4devop+milton@gmail.com,9
test4devop+saridder@gmail.com,7
test4devop+jdhedden@gmail.com,3
test4devop+sburke@gmail.com,4
test4devop+dwendlan@gmail.com,4
test4devop+sblack@gmail.com,8
test4devop+pontipak@gmail.com,5
